object_code,object_id,room_id,floor_id,class,file,cluster_id,center_x,center_y,center_z,size_x,size_y,size_z,yaw_rad
1-1-0,0,1,1,shell,shell_001.ply,0,3.525730,9.551082,4.811847,6.061599,5.249996,4.366888,1.570796
1-1-1,1,1,1,chair,chair_001.ply,0,1.803360,8.652228,3.477633,0.591661,0.236108,0.326471,3.140925
1-1-2,2,1,1,window,window_001.ply,0,5.909375,10.591216,4.322489,0.523062,0.244250,0.294368,-1.583769
1-1-3,3,1,1,window,window_001.ply,1,4.066144,9.260444,4.862739,0.688491,0.099145,0.066364,3.074774
1-1-4,4,1,1,window,window_001.ply,2,5.128009,12.371943,3.894608,0.495548,0.236081,0.529514,-0.336511
1-1-5,5,1,1,door,door_001.ply,0,-2.658211,8.405567,4.026518,0.799747,0.770617,1.992387,1.468767
1-1-6,6,1,1,door,door_001.ply,1,3.014824,8.552979,3.992327,0.784644,0.641269,2.036366,-2.627786
1-1-7,7,1,1,door,door_001.ply,2,4.150694,8.901924,3.968741,0.914640,0.860795,2.085453,-1.053671
