{
    "name": "00029_de skatting 81_2025-06-20_15.08.22_G11-0265.jpg",
    "translation": {
        "x": 11.546710085604815,
        "y": 9.930505877492287,
        "z": 1.8496832794117222
    },
    "rotation": {
        "x": 0.020808515231940772,
        "y": 0.040154688087543584,
        "z": -0.12107971431723305,
        "w": 0.991611975270212
    }
}