{
    "name": "00038_de skatting 81_2025-06-20_15.08.22_G11-0265.jpg",
    "translation": {
        "x": 1.4547032905822537,
        "y": 9.740460248177193,
        "z": 1.9236919268275172
    },
    "rotation": {
        "x": 0.017623759144416006,
        "y": -0.017807613530364155,
        "z": 0.6408582394188873,
        "w": 0.7672502909630576
    }
}