{
    "name": "00030_de skatting 81_2025-06-20_15.08.22_G11-0265.jpg",
    "translation": {
        "x": 11.922921391772132,
        "y": 8.633063358137422,
        "z": 1.867612895143685
    },
    "rotation": {
        "x": 0.04368596987147476,
        "y": 0.05700408450912306,
        "z": -0.4997437003880629,
        "w": 0.8631907693598858
    }
}