{
    "name": "00037_de skatting 81_2025-06-20_15.08.22_G11-0265.jpg",
    "translation": {
        "x": 3.4940012914112666,
        "y": 8.884421238764993,
        "z": 1.949929284959439
    },
    "rotation": {
        "x": 0.00797724018437758,
        "y": 0.014186943667443252,
        "z": 0.9996478043839316,
        "w": -0.02096095080864172
    }
}