{
    "name": "00032_de skatting 81_2025-06-20_15.08.22_G11-0265.jpg",
    "translation": {
        "x": 8.440096719009073,
        "y": 12.59753181763572,
        "z": 2.0731016106518743
    },
    "rotation": {
        "x": 0.00033349518240233077,
        "y": 0.006137243489032505,
        "z": -0.20930959268004323,
        "w": 0.9778301066317368
    }
}