{
    "name": "00040_de skatting 81_2025-06-20_15.08.22_G11-0265.jpg",
    "translation": {
        "x": 3.799771813270011,
        "y": 10.189771402099211,
        "z": 1.9562681702567488
    },
    "rotation": {
        "x": -0.01043765713036771,
        "y": -0.012451392584145422,
        "z": -0.7241211816226498,
        "w": 0.689481350336441
    }
}