{
    "name": "00043_de skatting 81_2025-06-20_15.08.22_G11-0265.jpg",
    "translation": {
        "x": 3.6701248092806837,
        "y": 7.908938107158211,
        "z": 4.842165490519443
    },
    "rotation": {
        "x": -0.02215017164968536,
        "y": 0.04776518702180024,
        "z": 0.25575214639837096,
        "w": 0.965307565710167
    }
}