{
    "name": "00046_de skatting 81_2025-06-20_15.08.22_G11-0265.jpg",
    "translation": {
        "x": 4.127542994020629,
        "y": 10.112443051442309,
        "z": 4.867610459656292
    },
    "rotation": {
        "x": -0.010500377038482878,
        "y": 0.02929056343102367,
        "z": 0.5705425110296,
        "w": 0.8206784072241585
    }
}