{
    "name": "00048_de skatting 81_2025-06-20_15.08.22_G11-0265.jpg",
    "translation": {
        "x": 3.4643561091341297,
        "y": 5.474277650863849,
        "z": 4.765073725736917
    },
    "rotation": {
        "x": 0.023041350849737626,
        "y": 0.02236050097416092,
        "z": -0.7886085069834321,
        "w": 0.6140567782058645
    }
}