{
    "name": "00044_de skatting 81_2025-06-20_15.08.22_G11-0265.jpg",
    "translation": {
        "x": 4.55353345087918,
        "y": 8.172924354664323,
        "z": 4.7180622784985875
    },
    "rotation": {
        "x": -0.046031620240956146,
        "y": 0.03752223625111249,
        "z": 0.6457027169151347,
        "w": 0.7612760163653661
    }
}