{
    "name": "00041_de skatting 81_2025-06-20_15.08.22_G11-0265.jpg",
    "translation": {
        "x": 1.911334814658999,
        "y": 7.7058764347691096,
        "z": 0.426504275500338
    },
    "rotation": {
        "x": -0.013208269095172882,
        "y": -0.01724135932938932,
        "z": -0.8217714680551451,
        "w": 0.5694031361403591
    }
}