{
    "name": "00047_de skatting 81_2025-06-20_15.08.22_G11-0265.jpg",
    "translation": {
        "x": 2.5772594366843142,
        "y": 9.506355664345222,
        "z": 4.5638383623446215
    },
    "rotation": {
        "x": -0.11644255776182413,
        "y": 0.06862683584858943,
        "z": 0.9079915402087702,
        "w": 0.39658902033793164
    }
}