{
    "name": "00055_de skatting 81_2025-06-20_15.08.22_G11-0265.jpg",
    "translation": {
        "x": 2.4580311282395098,
        "y": 4.911151738200286,
        "z": 1.928507860872298
    },
    "rotation": {
        "x": -0.010905017953962993,
        "y": -0.0031187850552221383,
        "z": 0.6880455937325287,
        "w": 0.7255788135746903
    }
}