{
    "name": "00052_de skatting 81_2025-06-20_15.08.22_G11-0265.jpg",
    "translation": {
        "x": 5.545085105330785,
        "y": 5.048104859912667,
        "z": 1.9418260526649314
    },
    "rotation": {
        "x": -0.002821035785070196,
        "y": -0.01437048346818811,
        "z": -0.766833108487557,
        "w": 0.6416794485483394
    }
}