{
    "name": "00053_de skatting 81_2025-06-20_15.08.22_G11-0265.jpg",
    "translation": {
        "x": 5.281088546334526,
        "y": 1.0141926443970064,
        "z": 1.9004992027697893
    },
    "rotation": {
        "x": 0.006870882798036716,
        "y": -0.01073359042657976,
        "z": -0.7411954344068341,
        "w": 0.6711683164606284
    }
}