{
    "name": "00051_de skatting 81_2025-06-20_15.08.22_G11-0265.jpg",
    "translation": {
        "x": 3.268868101266798,
        "y": 1.4227235907837565,
        "z": 4.463076347411979
    },
    "rotation": {
        "x": -0.09792320907162265,
        "y": -0.06964555164305658,
        "z": 0.8681922883416472,
        "w": -0.4814589211194907
    }
}