{
    "name": "00027_de skatting 81_2025-06-20_15.08.22_G11-0265.jpg",
    "translation": {
        "x": 8.094125825128888,
        "y": 3.3159289434429606,
        "z": 1.9079590259947785
    },
    "rotation": {
        "x": -0.013173123244749813,
        "y": -0.01030839081171875,
        "z": 0.9935872915828985,
        "w": 0.11182352126369402
    }
}