{
    "name": "00024_de skatting 81_2025-06-20_15.08.22_G11-0265.jpg",
    "translation": {
        "x": 13.647997010713134,
        "y": 11.567203522828558,
        "z": 1.950650129874961
    },
    "rotation": {
        "x": 0.018203919152735747,
        "y": -0.01330484394531321,
        "z": 0.9997109419372903,
        "w": 0.008344520712859802
    }
}