{
    "name": "00020_de skatting 81_2025-06-20_15.08.22_G11-0265.jpg",
    "translation": {
        "x": 8.978836894743885,
        "y": 0.6008180558077214,
        "z": 1.7895071198937373
    },
    "rotation": {
        "x": 0.004399846096064912,
        "y": -0.03150686396925928,
        "z": 0.7041334528678909,
        "w": 0.7093546640641025
    }
}