{
    "name": "00028_de skatting 81_2025-06-20_15.08.22_G11-0265.jpg",
    "translation": {
        "x": 9.690978657449229,
        "y": 8.130426476757979,
        "z": 2.070720211258348
    },
    "rotation": {
        "x": 0.0033015918504202867,
        "y": 0.00509465228787179,
        "z": 0.8041198724407633,
        "w": 0.5944361822392454
    }
}