{
    "name": "00021_de skatting 81_2025-06-20_15.08.22_G11-0265.jpg",
    "translation": {
        "x": 11.492905771301107,
        "y": 1.92114890894524,
        "z": 1.8358238762612673
    },
    "rotation": {
        "x": -0.005427425236366888,
        "y": -0.012463049003238176,
        "z": 0.16699943633696598,
        "w": 0.985863278415411
    }
}