{
    "name": "00026_de skatting 81_2025-06-20_15.08.22_G11-0265.jpg",
    "translation": {
        "x": 11.812367427793692,
        "y": 5.56291351816628,
        "z": 1.8738909920104778
    },
    "rotation": {
        "x": -0.06712808136458093,
        "y": 0.020717964560165978,
        "z": 0.7554136175730595,
        "w": 0.6514712986939466
    }
}