{
    "name": "00031_de skatting 81_2025-06-20_15.08.22_G11-0265.jpg",
    "translation": {
        "x": 7.936402826010155,
        "y": 9.938565461504329,
        "z": 2.062470647620425
    },
    "rotation": {
        "x": 0.0023649146082915084,
        "y": -0.009844894567766917,
        "z": 0.9853141709176769,
        "w": 0.1704507841538311
    }
}