{
    "name": "00039_de skatting 81_2025-06-20_15.08.22_G11-0265.jpg",
    "translation": {
        "x": 1.9758300881759556,
        "y": 11.763679917143381,
        "z": 1.9400025676228778
    },
    "rotation": {
        "x": 0.01351132083088169,
        "y": -0.003117620484045032,
        "z": -0.01557741887867445,
        "w": 0.9997825106856995
    }
}