{
    "name": "00035_de skatting 81_2025-06-20_15.08.22_G11-0265.jpg",
    "translation": {
        "x": 4.988837700717026,
        "y": 8.629948826569372,
        "z": 1.967693625833057
    },
    "rotation": {
        "x": -0.010465449765800178,
        "y": -0.009545960624967513,
        "z": 0.9985614597881646,
        "w": 0.05171421489954071
    }
}