{
    "name": "00034_de skatting 81_2025-06-20_15.08.22_G11-0265.jpg",
    "translation": {
        "x": 7.193102950715951,
        "y": 7.290379519166818,
        "z": 2.0467973325938305
    },
    "rotation": {
        "x": -0.002568723513775687,
        "y": -0.018182744702633397,
        "z": -0.7243778178168063,
        "w": 0.6891585931478694
    }
}