{
    "name": "00033_de skatting 81_2025-06-20_15.08.22_G11-0265.jpg",
    "translation": {
        "x": 10.34457311621794,
        "y": 11.940995197134113,
        "z": 2.0779758024512245
    },
    "rotation": {
        "x": 0.011660747513678888,
        "y": -0.008426532003434439,
        "z": -0.22834195552117673,
        "w": 0.9734746898993225
    }
}