{
    "name": "00036_de skatting 81_2025-06-20_15.08.22_G11-0265.jpg",
    "translation": {
        "x": 5.2708545765738615,
        "y": 11.411965551715578,
        "z": 1.9762957099518386
    },
    "rotation": {
        "x": 0.00581385288956991,
        "y": -0.007999399792881813,
        "z": 0.6985489443754381,
        "w": 0.7154939419935665
    }
}