{
    "name": "00049_de skatting 81_2025-06-20_15.08.22_G11-0265.jpg",
    "translation": {
        "x": 2.04946155259276,
        "y": 4.884607158729268,
        "z": 4.4834945621650935
    },
    "rotation": {
        "x": -0.09700201816400318,
        "y": 0.035746061109325884,
        "z": 0.9738131855801433,
        "w": 0.2024863135560822
    }
}