{
    "name": "00042_de skatting 81_2025-06-20_15.08.22_G11-0265.jpg",
    "translation": {
        "x": 1.5458951553055393,
        "y": 7.766095837058559,
        "z": 3.574545447021351
    },
    "rotation": {
        "x": 0.010613544503435728,
        "y": 0.03557536477737354,
        "z": 0.049262966795239005,
        "w": 0.9980956398044035
    }
}