{
    "name": "00045_de skatting 81_2025-06-20_15.08.22_G11-0265.jpg",
    "translation": {
        "x": 4.471918154066265,
        "y": 6.1423621213272925,
        "z": 4.545536608532481
    },
    "rotation": {
        "x": 0.06972327079699782,
        "y": 0.060169088655933754,
        "z": -0.6619269934050738,
        "w": 0.7438891057687314
    }
}