{
    "name": "00057_de skatting 81_2025-06-20_15.08.22_G11-0265.jpg",
    "translation": {
        "x": 1.404964948039607,
        "y": 2.178132969960184,
        "z": 1.904161096535057
    },
    "rotation": {
        "x": -0.0031520569281523374,
        "y": -0.0071422158247485415,
        "z": 0.8438581662916773,
        "w": 0.5365095045505549
    }
}