{
    "name": "00050_de skatting 81_2025-06-20_15.08.22_G11-0265.jpg",
    "translation": {
        "x": 3.639657098999006,
        "y": 3.3579116357191348,
        "z": 4.694927948068114
    },
    "rotation": {
        "x": 0.02340632818741892,
        "y": 0.0411113786736535,
        "z": -0.5345203644550912,
        "w": 0.8438305388685166
    }
}