{
    "name": "00056_de skatting 81_2025-06-20_15.08.22_G11-0265.jpg",
    "translation": {
        "x": 3.3603853175822636,
        "y": 1.3723778141884404,
        "z": 1.9270018968959335
    },
    "rotation": {
        "x": -0.021506774388423664,
        "y": 0.006402827694054527,
        "z": 0.1904193709395023,
        "w": 0.9814463437315003
    }
}