{
    "name": "00054_de skatting 81_2025-06-20_15.08.22_G11-0265.jpg",
    "translation": {
        "x": 3.663283260768888,
        "y": 4.831933569432551,
        "z": 1.9437929160188254
    },
    "rotation": {
        "x": -0.005940950678524823,
        "y": 0.001195792224617125,
        "z": 0.6673707921561577,
        "w": 0.7447009473358104
    }
}